{"Epoch": 3, "Train Loss": 20.57122500737508, "Train Acc": 0.5208333333333334, "Val Loss": 27.04857458689856, "Val Acc": 0.0, "_timestamp": 1716836725.506242, "_runtime": 562.3670039176941, "_step": 4, "Test Acc": [0.0, 0.9523809523809523], "_wandb": {"runtime": 562}}