{"Epoch": 1, "Train Loss": 0.8085832198460897, "Train Acc": 0.0, "Val Loss": 0.0, "Val Acc": 0.0, "_timestamp": 1715786785.8549438, "_runtime": 430.9822826385498, "_step": 2, "Test Acc": [0.0, 0.15873015873015872], "_wandb": {"runtime": 431}}