{"Val Loss": 44.39982774522569, "Val Acc": 0.0, "Train Loss": 44.81555962562561, "Train Acc": 0.0, "_timestamp": 1714664660.453182, "_runtime": 290.49309396743774, "_step": 2, "Test Acc": [0.0, 0.0], "_wandb": {"runtime": 290}}