{"Val Loss": 8.383335428389293, "Val Acc": 0.15873015873015872, "Train Loss": 8.081155876318613, "Train Acc": 0.2604166666666667, "_timestamp": 1714312632.4241567, "_runtime": 599.129195690155, "_step": 2, "Test Acc": [0.15873015873015872, 0.9523809552192688], "_wandb": {"runtime": 598}}