{"Val Loss": 45.124459887307786, "Val Acc": 0.0, "Train Loss": 45.53084603945414, "Train Acc": 0.0, "_timestamp": 1714666662.6477704, "_runtime": 301.10388445854187, "_step": 2, "Test Acc": [0.0, 0.0], "_wandb": {"runtime": 300}}