{"Val Loss": 23.720418536473833, "Val Acc": 0.0, "Train Loss": 23.90307633082072, "Train Acc": 0.0, "_timestamp": 1714596933.9297478, "_runtime": 291.3583469390869, "_step": 2, "Test Acc": [0.0, 0.0], "_wandb": {"runtime": 291}}