{"Epoch": 3, "Train Loss": 5.326712121566136, "Train Acc": 0.0, "Val Loss": 0.0, "Val Acc": 0.0, "_timestamp": 1717387289.1820939, "_runtime": 1716.1358428001404, "_step": 3, "_wandb": {"runtime": 1722}}