{"Epoch": 1, "Train Loss": 20.668774048487347, "Train Acc": 0.0, "Val Loss": 19.885129995194692, "Val Acc": 0.0, "_timestamp": 1715788051.896675, "_runtime": 385.290048122406, "_step": 2, "Test Acc": [0.0, 0.15873015873015872], "_wandb": {"runtime": 385}}