{"Val Loss": 66.68697936042906, "Val Acc": 0.0, "Train Loss": 67.36337598164876, "Train Acc": 0.0, "_timestamp": 1714667480.9608243, "_runtime": 289.649227142334, "_step": 2, "Test Acc": [0.0, 0.0], "_wandb": {"runtime": 289}}