{"Epoch": 1, "Train Loss": 8.713758985201517, "Train Acc": 0.5208333333333334, "Val Loss": 9.989514281257751, "Val Acc": 0.31746031746031744, "_timestamp": 1715702666.1691325, "_runtime": 427.2045454978943, "_step": 2, "Test Acc": [0.31746031746031744, 2.2222222222222223], "_wandb": {"runtime": 426}}