{"Val Loss": 9.195751877436562, "Val Acc": 0.47619047619047616, "Train Loss": 21.225007851918537, "Train Acc": 0.13020833333333334, "_timestamp": 1714519888.7978356, "_runtime": 326.96943068504333, "_step": 1, "_wandb": {"runtime": 327}}