{"Epoch": 1, "Train Loss": 32.60394446055094, "Train Acc": 0.0013020833333333333, "Val Loss": 31.631019955589657, "Val Acc": 0.0031746031746031746, "_timestamp": 1714785978.9692638, "_runtime": 363.8499457836151, "_step": 1, "_wandb": {"runtime": 363}}