{"Val Loss": 44.39982774522569, "Val Acc": 0.0, "Train Loss": 44.81555962562561, "Train Acc": 0.0, "_timestamp": 1714665686.0596719, "_runtime": 375.6089057922363, "_step": 2, "Test Acc": [0.0, 0.0], "_wandb": {"runtime": 375}}