{"Val Loss": 66.68697936042906, "Val Acc": 0.0, "Train Loss": 67.36337598164876, "Train Acc": 0.0, "_timestamp": 1714674577.0373993, "_runtime": 410.6877522468567, "_step": 2, "Test Acc": [0.0, 0.0], "_wandb": {"runtime": 410}}