{"Epoch": 1, "Train Loss": 32.60394446055094, "Train Acc": 0.13020833333333334, "Val Loss": 31.631019955589657, "Val Acc": 0.0, "_timestamp": 1714887291.3720117, "_runtime": 374.5542197227478, "_step": 2, "Test Acc": [0.31746031746031744, 1.1111111111111112], "_wandb": {"runtime": 374}}