{"Val Loss": 9.195751877436562, "Val Acc": 0.47619047619047616, "Train Loss": 21.225007851918537, "Train Acc": 0.13020833333333334, "_timestamp": 1714576969.142889, "_runtime": 386.85962295532227, "_step": 2, "Test Acc": [0.47619047619047616, 1.9047619047619047], "_wandb": {"runtime": 385}}