{"Epoch": 1, "Train Loss": 16.824520309766132, "Train Acc": 0.0, "Val Loss": 0.0, "Val Acc": 0.0, "_timestamp": 1717389158.266819, "_runtime": 1136.9411671161652, "_step": 1, "_wandb": {"runtime": 1147}}