{"Val Loss": 10.423122857108948, "Val Acc": 0.7936507936507936, "Train Loss": 29.43381102879842, "Train Acc": 3.3854166666666665, "_timestamp": 1714583607.716961, "_runtime": 2744.5822789669037, "_step": 8, "Test Acc": [0.7936507936507936, 3.3333333333333335], "_wandb": {"runtime": 2744}}