{"Val Loss": 45.124459887307786, "Val Acc": 0.0, "Train Loss": 45.53084603945414, "Train Acc": 0.0, "_timestamp": 1714661939.2155704, "_runtime": 302.0232903957367, "_step": 2, "Test Acc": [0.0, 0.0], "_wandb": {"runtime": 301}}