{"Epoch": 1, "Train Loss": 14.35026733080546, "Train Acc": 0.0, "Val Loss": 15.106364271375869, "Val Acc": 0.0, "_timestamp": 1714888545.6576443, "_runtime": 285.1854832172394, "_step": 2, "Test Acc": [0.0, 1.4285714285714286], "_wandb": {"runtime": 284}}