{"Epoch": 1, "Train Loss": 20.668774048487347, "Train Acc": 0.0, "Val Loss": 19.885129995194692, "Val Acc": 0.0, "_timestamp": 1714790637.325315, "_runtime": 369.62221789360046, "_step": 2, "Test Acc": 0.0, "_wandb": {"runtime": 369}}