{"Epoch": 1, "Train Loss": 0.018457695841789246, "Train Acc": 0.0, "Val Loss": 0.01759387425013951, "Val Acc": 0.0, "_timestamp": 1717430978.6773133, "_runtime": 458.6828103065491, "_step": 2, "Test Acc": [0.0, 0.31746031746031744], "_wandb": {"runtime": 458}}