{"Epoch": 1, "Train Loss": 20.668774048487347, "Train Acc": 0.0, "Val Loss": 19.885129995194692, "Val Acc": 0.0, "_timestamp": 1714883746.9111822, "_runtime": 325.29871225357056, "_step": 1, "_wandb": {"runtime": 375}}