{"Epoch": 1, "Train Loss": 0.2207536231726408, "Train Acc": 0.0, "Val Loss": 0.0, "Val Acc": 0.0, "_timestamp": 1717433080.774289, "_runtime": 999.1476809978485, "_step": 2, "Test Acc": [0.0, 0.0], "_wandb": {"runtime": 998}}