{"Val Loss": 47.20723111591642, "Val Acc": 0.0, "Train Loss": 47.58979892730713, "Train Acc": 0.0, "_timestamp": 1714598083.3127193, "_runtime": 450.2802143096924, "_step": 2, "Test Acc": [0.0, 0.0], "_wandb": {"runtime": 450}}