{"Epoch": 1, "Train Loss": 23.995891014734905, "Train Acc": 0.0, "Val Loss": 20.70008118644593, "Val Acc": 0.0, "_timestamp": 1714785517.7142048, "_runtime": 333.0707519054413, "_step": 1, "_wandb": {"runtime": 332}}