{"Epoch": 1, "Train Loss": 21.225007851918537, "Train Acc": 0.13020833333333334, "Val Loss": 20.518492199125745, "Val Acc": 0.47619047619047616, "_timestamp": 1714887750.9703345, "_runtime": 330.2423496246338, "_step": 2, "Test Acc": [0.47619047619047616, 1.9047619047619047], "_wandb": {"runtime": 329}}