{"Epoch": 1, "Train Loss": 0.1956944347669681, "Train Acc": 0.0, "Val Loss": 0.0, "Val Acc": 0.0, "_timestamp": 1717434240.1987793, "_runtime": 1121.4007642269135, "_step": 1}