{"Epoch": 1, "Train Loss": 32.60394446055094, "Train Acc": 0.0013020833333333333, "Val Loss": 31.631019955589657, "Val Acc": 0.0031746031746031746, "_timestamp": 1714787996.6546805, "_runtime": 481.7541515827179, "_step": 2, "Test Acc": 0.003205128205128205, "_wandb": {"runtime": 481}}